flex_1,flex_2,flex_3,flex_4,flex_5,Qw,Qx,Qy,Qz,GYRx,GYRy,GYRz,ACCx,ACCy,ACCz,ACCx_real,ACCy_real,ACCz_real,ACCx_world,ACCy_world,ACCz_world,GRAx,GRAy,GRAz,ACCx_raw,ACCy_raw,ACCz_raw,GYRx_raw,GYRy_raw,GYRz_raw
2895.0,2811.0,2865.0,3123.0,3023.0,1.0,0.0,0.0,0.0,0.0,0.0,0.0,0.0,0.0,0.0,0.0,0.0,0.0,0.0,0.0,0.0,0.0,0.0,0.0,0.0,0.0,0.0,0.0,0.0,0.0
2896.0,2807.0,2869.0,3123.0,3026.0,0.993774,-0.044861,-0.101807,0.003601,-1.0,0.0,-1.0,2037.0,-917.0,7727.0,382.0,-180.0,-262.0,426.0,-196.0,-162.0,0.202023,-0.089896,0.975223,4120.0,-1846.0,15400.0,0.0,9.0,-9.0
2895.0,2803.0,2871.0,3121.0,3025.0,0.993713,-0.045044,-0.102051,0.003479,0.0,0.0,-1.0,2034.0,-915.0,7742.0,375.0,-175.0,-245.0,416.0,-189.0,-147.0,0.202505,-0.090232,0.975035,4056.0,-1810.0,15490.0,2.0,13.0,-9.0
2899.0,2805.0,2870.0,3119.0,3023.0,0.993713,-0.045105,-0.102173,0.003418,-1.0,0.0,-1.0,2029.0,-913.0,7743.0,368.0,-172.0,-244.0,409.0,-187.0,-147.0,0.202753,-0.090341,0.975004,4020.0,-1800.0,15472.0,0.0,9.0,-10.0
2895.0,2809.0,2875.0,3119.0,3025.0,0.993652,-0.045288,-0.102539,0.003296,-1.0,0.0,-1.0,2034.0,-913.0,7735.0,367.0,-170.0,-250.0,409.0,-185.0,-153.0,0.203478,-0.090677,0.974791,4100.0,-1786.0,15416.0,-2.0,3.0,-13.0
2893.0,2807.0,2871.0,3121.0,3024.0,0.993652,-0.045349,-0.102722,0.003235,-1.0,0.0,-1.0,2036.0,-912.0,7741.0,366.0,-168.0,-244.0,407.0,-183.0,-147.0,0.203847,-0.090787,0.974747,4070.0,-1830.0,15506.0,-5.0,5.0,-12.0
2896.0,2805.0,2871.0,3121.0,3023.0,0.993591,-0.045593,-0.103088,0.003113,-1.0,0.0,-1.0,2032.0,-919.0,7735.0,356.0,-171.0,-248.0,398.0,-187.0,-153.0,0.204572,-0.091244,0.974527,4076.0,-1866.0,15438.0,-5.0,3.0,-12.0
2895.0,2806.0,2871.0,3122.0,3025.0,0.993591,-0.045715,-0.103271,0.003052,-1.0,0.0,-1.0,2036.0,-921.0,7736.0,357.0,-171.0,-246.0,399.0,-186.0,-150.0,0.20494,-0.091475,0.974478,4096.0,-1838.0,15490.0,0.0,4.0,-13.0
2895.0,2805.0,2871.0,3123.0,3023.0,0.99353,-0.045837,-0.103516,0.00293,0.0,0.0,-1.0,2039.0,-918.0,7734.0,356.0,-166.0,-247.0,398.0,-182.0,-152.0,0.205423,-0.091688,0.974294,4040.0,-1824.0,15516.0,4.0,12.0,-10.0
2895.0,2803.0,2873.0,3121.0,3024.0,0.99353,-0.045898,-0.103638,0.002869,0.0,0.0,-1.0,2035.0,-922.0,7737.0,350.0,-169.0,-244.0,392.0,-185.0,-150.0,0.205671,-0.091798,0.974263,4044.0,-1882.0,15510.0,3.0,12.0,-7.0
2896.0,2807.0,2871.0,3127.0,3023.0,0.993469,-0.046021,-0.103882,0.002747,0.0,0.0,-1.0,2027.0,-923.0,7732.0,338.0,-169.0,-247.0,381.0,-185.0,-155.0,0.206154,-0.092011,0.974079,4024.0,-1894.0,15478.0,9.0,12.0,-9.0
2896.0,2807.0,2871.0,3121.0,3025.0,0.993469,-0.046021,-0.104004,0.002747,0.0,0.0,-1.0,2025.0,-924.0,7732.0,334.0,-170.0,-247.0,377.0,-186.0,-156.0,0.206397,-0.092011,0.974054,4038.0,-1832.0,15442.0,9.0,13.0,-10.0
2896.0,2807.0,2871.0,3122.0,3030.0,0.993469,-0.046143,-0.104187,0.002625,0.0,0.0,-1.0,2025.0,-916.0,7745.0,331.0,-160.0,-234.0,371.0,-175.0,-144.0,0.206771,-0.092229,0.974004,4042.0,-1848.0,15516.0,4.0,13.0,-12.0
2897.0,2811.0,2875.0,3121.0,3027.0,0.993469,-0.046204,-0.104309,0.002563,0.0,0.0,-1.0,2020.0,-914.0,7746.0,324.0,-157.0,-232.0,364.0,-172.0,-144.0,0.207019,-0.092339,0.973972,4066.0,-1810.0,15512.0,6.0,11.0,-12.0
2895.0,2809.0,2874.0,3119.0,3026.0,0.993408,-0.046265,-0.104553,0.00238,0.0,0.0,-1.0,2018.0,-902.0,7745.0,318.0,-144.0,-232.0,358.0,-160.0,-146.0,0.207508,-0.092417,0.973794,3978.0,-1746.0,15478.0,6.0,14.0,-13.0
2896.0,2806.0,2866.0,3120.0,3025.0,0.993408,-0.046265,-0.104614,0.002319,0.0,0.0,-1.0,2019.0,-902.0,7746.0,318.0,-145.0,-231.0,358.0,-160.0,-145.0,0.207635,-0.092405,0.973781,4060.0,-1810.0,15484.0,4.0,16.0,-14.0
2895.0,2807.0,2869.0,3123.0,3024.0,0.993408,-0.046387,-0.104797,0.002197,0.0,0.0,-1.0,2008.0,-901.0,7741.0,303.0,-142.0,-235.0,344.0,-158.0,-152.0,0.208009,-0.092622,0.97373,3950.0,-1750.0,15500.0,4.0,15.0,-14.0
2895.0,2807.0,2871.0,3123.0,3021.0,0.993347,-0.046448,-0.104858,0.002075,-1.0,0.0,-1.0,1997.0,-893.0,7752.0,292.0,-133.0,-223.0,331.0,-148.0,-144.0,0.208129,-0.092713,0.97359,3912.0,-1714.0,15596.0,-2.0,15.0,-18.0
2895.0,2811.0,2870.0,3121.0,3025.0,0.993347,-0.046631,-0.105042,0.001831,-1.0,0.0,-2.0,1993.0,-891.0,7762.0,284.0,-128.0,-213.0,321.0,-143.0,-136.0,0.208515,-0.093026,0.973534,3982.0,-1808.0,15580.0,-10.0,9.0,-24.0
2896.0,2807.0,2870.0,3123.0,3025.0,0.993347,-0.046753,-0.105164,0.001709,-1.0,0.0,-2.0,1990.0,-891.0,7770.0,279.0,-127.0,-204.0,314.0,-141.0,-128.0,0.208768,-0.093243,0.973496,3980.0,-1798.0,15582.0,-15.0,9.0,-30.0
2896.0,2807.0,2871.0,3121.0,3025.0,0.993286,-0.046997,-0.105408,0.001282,-1.0,0.0,-2.0,1997.0,-889.0,7760.0,282.0,-121.0,-213.0,319.0,-136.0,-136.0,0.20928,-0.093633,0.9733,4060.0,-1780.0,15474.0,-20.0,6.0,-38.0
2894.0,2805.0,2869.0,3121.0,3023.0,0.993286,-0.04718,-0.105591,0.001099,-1.0,0.0,-2.0,2006.0,-889.0,7750.0,288.0,-119.0,-222.0,327.0,-135.0,-144.0,0.20966,-0.093959,0.973243,4066.0,-1788.0,15500.0,-17.0,2.0,-34.0
2896.0,2807.0,2870.0,3119.0,3023.0,0.993225,-0.047424,-0.105896,0.000732,-1.0,0.0,-2.0,2030.0,-905.0,7732.0,307.0,-131.0,-239.0,349.0,-149.0,-155.0,0.210288,-0.094361,0.973034,4154.0,-1900.0,15358.0,-9.0,8.0,-25.0
2895.0,2803.0,2871.0,3125.0,3027.0,0.993225,-0.047485,-0.106018,0.000671,-1.0,0.0,-1.0,2047.0,-907.0,7720.0,322.0,-133.0,-250.0,366.0,-152.0,-162.0,0.210536,-0.09447,0.973002,4208.0,-1816.0,15404.0,-2.0,7.0,-16.0
2895.0,2806.0,2871.0,3121.0,3023.0,0.993164,-0.047668,-0.106445,0.00061,0.0,-1.0,0.0,2077.0,-912.0,7719.0,345.0,-135.0,-249.0,388.0,-154.0,-156.0,0.211377,-0.094815,0.972772,4128.0,-1818.0,15494.0,4.0,0.0,7.0
2895.0,2805.0,2875.0,3119.0,3024.0,0.993164,-0.047668,-0.106567,0.000671,0.0,0.0,0.0,2061.0,-903.0,7729.0,327.0,-126.0,-239.0,369.0,-144.0,-151.0,0.211614,-0.094828,0.972746,3992.0,-1736.0,15490.0,8.0,2.0,11.0
2896.0,2804.0,2873.0,3126.0,3027.0,0.993103,-0.047791,-0.106873,0.000793,0.0,-1.0,0.0,2031.0,-903.0,7740.0,292.0,-124.0,-227.0,332.0,-141.0,-147.0,0.212195,-0.095091,0.972549,3954.0,-1864.0,15510.0,2.0,-3.0,12.0
2896.0,2803.0,2869.0,3121.0,3025.0,0.993103,-0.047791,-0.107056,0.000854,0.0,-1.0,0.0,2029.0,-906.0,7743.0,287.0,-126.0,-223.0,326.0,-143.0,-143.0,0.212553,-0.095105,0.97251,4044.0,-1810.0,15486.0,9.0,-2.0,11.0
2895.0,2805.0,2871.0,3121.0,3024.0,0.993042,-0.047852,-0.1073,0.001038,0.0,0.0,0.0,2018.0,-900.0,7750.0,273.0,-119.0,-215.0,311.0,-135.0,-139.0,0.213007,-0.09526,0.97233,3976.0,-1762.0,15508.0,7.0,2.0,12.0
2896.0,2807.0,2875.0,3088.0,3024.0,0.993042,-0.047913,-0.107422,0.001099,0.0,-1.0,0.0,2011.0,-904.0,7756.0,264.0,-122.0,-209.0,301.0,-137.0,-135.0,0.213244,-0.095394,0.972299,3988.0,-1862.0,15540.0,7.0,0.0,10.0
2896.0,2807.0,2875.0,3121.0,3024.0,0.992981,-0.047974,-0.107727,0.00116,0.0,-1.0,0.0,2002.0,-901.0,7764.0,250.0,-118.0,-199.0,285.0,-133.0,-128.0,0.213831,-0.095524,0.972106,4016.0,-1848.0,15520.0,3.0,-1.0,7.0
2895.0,2807.0,2874.0,3123.0,3024.0,0.992981,-0.048035,-0.107849,0.001221,0.0,0.0,0.0,2004.0,-900.0,7759.0,250.0,-116.0,-204.0,286.0,-131.0,-133.0,0.214067,-0.095658,0.972074,4012.0,-1790.0,15486.0,5.0,1.0,6.0
2897.0,2805.0,2867.0,3067.0,3024.0,0.99292,-0.048096,-0.108093,0.001282,0.0,-1.0,0.0,1994.0,-893.0,7759.0,236.0,-108.0,-202.0,272.0,-123.0,-135.0,0.214533,-0.095787,0.971894,3982.0,-1790.0,15522.0,2.0,0.0,4.0
2895.0,2807.0,2871.0,3123.0,3023.0,0.99292,-0.048157,-0.108215,0.001282,-1.0,-1.0,0.0,1996.0,-895.0,7761.0,236.0,-109.0,-200.0,272.0,-124.0,-133.0,0.214775,-0.095909,0.971862,3986.0,-1812.0,15522.0,-1.0,-2.0,4.0
2896.0,2807.0,2871.0,3123.0,3023.0,0.99292,-0.048279,-0.108521,0.001343,0.0,-1.0,0.0,2002.0,-898.0,7744.0,237.0,-110.0,-216.0,277.0,-127.0,-148.0,0.215375,-0.096165,0.971784,4008.0,-1766.0,15426.0,1.0,0.0,3.0
2893.0,2807.0,2871.0,3121.0,3023.0,0.992859,-0.04834,-0.108643,0.001343,-1.0,-1.0,0.0,2005.0,-897.0,7741.0,238.0,-108.0,-218.0,278.0,-125.0,-150.0,0.215604,-0.096281,0.971631,4046.0,-1768.0,15428.0,0.0,-1.0,2.0
2896.0,2806.0,2871.0,3123.0,3027.0,0.992859,-0.048462,-0.108948,0.001343,0.0,-1.0,0.0,2010.0,-893.0,7734.0,238.0,-102.0,-224.0,280.0,-119.0,-156.0,0.216209,-0.096524,0.971552,4098.0,-1812.0,15400.0,2.0,0.0,2.0
2896.0,2807.0,2871.0,3121.0,3025.0,0.992798,-0.048523,-0.10907,0.001343,0.0,0.0,0.0,2014.0,-893.0,7730.0,240.0,-101.0,-227.0,282.0,-119.0,-158.0,0.216438,-0.09664,0.971399,4040.0,-1784.0,15460.0,6.0,3.0,3.0
2895.0,2803.0,2871.0,3121.0,3023.0,0.992798,-0.048523,-0.109253,0.001404,0.0,0.0,0.0,2012.0,-894.0,7733.0,236.0,-102.0,-224.0,278.0,-119.0,-156.0,0.216796,-0.096654,0.971359,4000.0,-1760.0,15502.0,9.0,5.0,6.0
2894.0,2803.0,2874.0,3122.0,3021.0,0.992798,-0.048584,-0.109375,0.001465,0.0,0.0,0.0,2005.0,-892.0,7744.0,227.0,-99.0,-213.0,267.0,-115.0,-148.0,0.217032,-0.096789,0.971326,4000.0,-1786.0,15534.0,7.0,6.0,4.0
2897.0,2809.0,2875.0,3121.0,3023.0,0.992737,-0.048645,-0.109558,0.001465,0.0,0.0,0.0,2008.0,-892.0,7748.0,227.0,-98.0,-207.0,265.0,-114.0,-142.0,0.217382,-0.096904,0.971159,3960.0,-1808.0,15500.0,4.0,3.0,5.0
2896.0,2803.0,2867.0,3121.0,3027.0,0.992737,-0.048645,-0.10968,0.001526,0.0,0.0,0.0,2003.0,-889.0,7751.0,220.0,-95.0,-204.0,258.0,-111.0,-141.0,0.217619,-0.096918,0.971133,3994.0,-1736.0,15534.0,4.0,2.0,3.0
2895.0,2800.0,2871.0,3123.0,3023.0,0.992737,-0.048706,-0.109924,0.001526,0.0,0.0,0.0,1999.0,-888.0,7761.0,212.0,-93.0,-194.0,248.0,-108.0,-133.0,0.218103,-0.09704,0.971073,3948.0,-1752.0,15556.0,3.0,1.0,3.0
2895.0,2806.0,2871.0,3120.0,3025.0,0.992676,-0.048767,-0.110046,0.001587,-1.0,-1.0,0.0,1998.0,-888.0,7763.0,209.0,-91.0,-190.0,244.0,-105.0,-130.0,0.218326,-0.097169,0.970919,3990.0,-1782.0,15542.0,0.0,-4.0,4.0
2897.0,2807.0,2875.0,3123.0,3023.0,0.992676,-0.048889,-0.110352,0.001648,-1.0,-1.0,0.0,1999.0,-885.0,7767.0,205.0,-86.0,-186.0,240.0,-100.0,-127.0,0.218926,-0.097426,0.97084,3986.0,-1776.0,15476.0,-3.0,-8.0,5.0
2896.0,2807.0,2870.0,3123.0,3023.0,0.992615,-0.04895,-0.110474,0.001648,-1.0,-1.0,0.0,2001.0,-888.0,7759.0,205.0,-88.0,-192.0,241.0,-103.0,-132.0,0.219154,-0.097541,0.970686,4014.0,-1776.0,15488.0,0.0,-5.0,4.0
2895.0,2803.0,2874.0,3121.0,3024.0,0.992615,-0.049072,-0.110718,0.001709,0.0,-1.0,0.0,2002.0,-890.0,7759.0,202.0,-88.0,-192.0,238.0,-103.0,-133.0,0.219632,-0.097798,0.97062,4004.0,-1810.0,15550.0,1.0,-1.0,5.0
2895.0,2803.0,2867.0,3119.0,3023.0,0.992615,-0.049133,-0.11084,0.001709,-1.0,-1.0,0.0,2001.0,-891.0,7761.0,199.0,-88.0,-190.0,235.0,-103.0,-132.0,0.219875,-0.09792,0.970587,3992.0,-1778.0,15496.0,0.0,-3.0,5.0
2896.0,2807.0,2874.0,3123.0,3023.0,0.992554,-0.049255,-0.111145,0.00177,0.0,-1.0,0.0,2002.0,-893.0,7748.0,195.0,-88.0,-201.0,233.0,-104.0,-143.0,0.22046,-0.098171,0.970387,4046.0,-1784.0,15470.0,2.0,-4.0,3.0
2896.0,2786.0,2870.0,3121.0,3025.0,0.992554,-0.049255,-0.111267,0.00177,-1.0,-1.0,0.0,1996.0,-896.0,7750.0,188.0,-91.0,-199.0,226.0,-107.0,-142.0,0.220703,-0.098171,0.97036,3942.0,-1824.0,15506.0,-1.0,-5.0,3.0
2896.0,2805.0,2871.0,3121.0,3023.0,0.992493,-0.049438,-0.111511,0.001831,-1.0,-1.0,0.0,2000.0,-894.0,7748.0,188.0,-86.0,-199.0,226.0,-102.0,-143.0,0.221167,-0.098543,0.970166,4034.0,-1778.0,15494.0,-5.0,-7.0,2.0
2895.0,2805.0,2877.0,3121.0,3027.0,0.992493,-0.0495,-0.111694,0.001831,-1.0,-1.0,0.0,2002.0,-894.0,7748.0,187.0,-85.0,-199.0,225.0,-101.0,-143.0,0.22153,-0.098665,0.970119,3998.0,-1790.0,15534.0,-3.0,-8.0,0.0
2896.0,2805.0,2871.0,3123.0,3023.0,0.992432,-0.049622,-0.112,0.001831,-1.0,-1.0,0.0,2011.0,-889.0,7747.0,191.0,-78.0,-198.0,229.0,-94.0,-141.0,0.222122,-0.098902,0.969918,4016.0,-1740.0,15504.0,-4.0,-5.0,0.0
2895.0,2805.0,2874.0,3122.0,3025.0,0.992432,-0.049683,-0.112122,0.001831,-1.0,-1.0,-1.0,2008.0,-895.0,7746.0,186.0,-83.0,-199.0,225.0,-99.0,-143.0,0.222364,-0.099024,0.969884,4004.0,-1862.0,15480.0,-6.0,-5.0,-1.0
2896.0,2803.0,2871.0,3121.0,3021.0,0.992371,-0.049866,-0.112366,0.00177,-1.0,-1.0,-1.0,2004.0,-893.0,7746.0,178.0,-78.0,-197.0,216.0,-94.0,-143.0,0.22284,-0.099368,0.96969,3984.0,-1792.0,15528.0,-8.0,-5.0,-2.0
2897.0,2807.0,2877.0,3123.0,3027.0,0.992371,-0.049927,-0.112488,0.00177,-1.0,-1.0,-1.0,2002.0,-890.0,7746.0,174.0,-74.0,-197.0,213.0,-90.0,-144.0,0.223082,-0.09949,0.969656,3998.0,-1770.0,15508.0,-6.0,-4.0,-4.0
2896.0,2811.0,2871.0,3120.0,3026.0,0.99231,-0.05011,-0.112732,0.001709,-1.0,-1.0,-1.0,2005.0,-893.0,7755.0,173.0,-75.0,-186.0,209.0,-90.0,-134.0,0.223559,-0.099834,0.969462,4032.0,-1786.0,15506.0,-5.0,-1.0,-4.0
2896.0,2811.0,2869.0,3123.0,3023.0,0.99231,-0.050171,-0.112854,0.001709,-1.0,-1.0,-1.0,2000.0,-895.0,7752.0,166.0,-76.0,-189.0,203.0,-91.0,-138.0,0.223801,-0.099956,0.969428,3950.0,-1784.0,15490.0,-5.0,-2.0,-5.0
2895.0,2807.0,2879.0,3121.0,3067.0,0.99231,-0.050293,-0.113037,0.001648,-1.0,-1.0,-1.0,1999.0,-893.0,7742.0,162.0,-72.0,-199.0,201.0,-89.0,-149.0,0.22417,-0.100185,0.969374,3950.0,-1750.0,15424.0,-5.0,-2.0,-5.0
2896.0,2807.0,2870.0,3122.0,3023.0,0.992249,-0.050354,-0.113159,0.001587,-1.0,-1.0,-1.0,1995.0,-896.0,7743.0,156.0,-74.0,-196.0,195.0,-90.0,-147.0,0.224404,-0.100287,0.969219,3972.0,-1796.0,15478.0,-5.0,-2.0,-5.0
2896.0,2807.0,2871.0,3122.0,3015.0,0.992249,-0.050537,-0.113342,0.001526,-1.0,-1.0,-1.0,2001.0,-897.0,7751.0,159.0,-72.0,-188.0,196.0,-88.0,-139.0,0.224773,-0.100637,0.969159,4016.0,-1782.0,15520.0,-7.0,-2.0,-5.0
2895.0,2805.0,2877.0,3122.0,3025.0,0.992249,-0.050598,-0.113464,0.001526,-1.0,-1.0,-1.0,2007.0,-895.0,7755.0,163.0,-69.0,-184.0,199.0,-84.0,-134.0,0.225015,-0.100758,0.969125,4052.0,-1780.0,15526.0,-5.0,-3.0,-6.0
2896.0,2806.0,2874.0,3119.0,3023.0,0.992188,-0.05072,-0.113708,0.001404,-1.0,-1.0,-1.0,2015.0,-894.0,7759.0,167.0,-66.0,-178.0,202.0,-81.0,-128.0,0.225498,-0.100967,0.968936,4030.0,-1806.0,15542.0,-5.0,-2.0,-6.0
2903.0,2807.0,2871.0,3121.0,3024.0,0.992188,-0.050781,-0.113831,0.001404,-1.0,-1.0,-1.0,2012.0,-896.0,7755.0,162.0,-67.0,-182.0,198.0,-82.0,-132.0,0.22574,-0.101089,0.968902,4006.0,-1810.0,15492.0,-7.0,-4.0,-5.0
2895.0,2807.0,2871.0,3121.0,3024.0,0.992126,-0.050903,-0.114014,0.001343,-1.0,-1.0,-1.0,2007.0,-896.0,7752.0,154.0,-66.0,-183.0,190.0,-81.0,-135.0,0.226095,-0.101311,0.968726,4024.0,-1790.0,15502.0,-7.0,-5.0,-4.0
2896.0,2807.0,2875.0,3122.0,3023.0,0.992126,-0.050964,-0.114136,0.001343,-1.0,-1.0,-1.0,2003.0,-895.0,7750.0,148.0,-64.0,-185.0,185.0,-80.0,-139.0,0.226337,-0.101433,0.968692,3980.0,-1772.0,15514.0,-5.0,-3.0,-4.0
2895.0,2807.0,2867.0,3120.0,3025.0,0.992126,-0.051147,-0.114319,0.001282,-1.0,-1.0,-1.0,2003.0,-903.0,7732.0,145.0,-69.0,-203.0,186.0,-87.0,-156.0,0.226706,-0.101783,0.968632,4054.0,-1840.0,15406.0,-4.0,0.0,-4.0
2895.0,2810.0,2875.0,3121.0,3024.0,0.992065,-0.051147,-0.114441,0.001282,-1.0,0.0,-1.0,2002.0,-898.0,7736.0,142.0,-64.0,-197.0,182.0,-81.0,-152.0,0.226935,-0.101777,0.968483,3966.0,-1786.0,15554.0,0.0,2.0,-3.0
2895.0,2807.0,2875.0,3121.0,3025.0,0.992065,-0.05127,-0.114563,0.001221,-1.0,0.0,-1.0,2000.0,-898.0,7741.0,138.0,-62.0,-192.0,177.0,-79.0,-148.0,0.227183,-0.102005,0.968442,3960.0,-1786.0,15458.0,-2.0,1.0,-4.0
2897.0,2806.0,2870.0,3122.0,3025.0,0.992065,-0.051331,-0.114624,0.00116,-1.0,-1.0,-1.0,2001.0,-902.0,7746.0,138.0,-65.0,-187.0,176.0,-81.0,-143.0,0.22731,-0.102112,0.968422,4016.0,-1814.0,15522.0,-1.0,0.0,-5.0
2895.0,2805.0,2873.0,3123.0,3031.0,0.992004,-0.051392,-0.114807,0.001099,-1.0,-1.0,-1.0,2004.0,-897.0,7751.0,138.0,-59.0,-180.0,174.0,-75.0,-136.0,0.227665,-0.102214,0.968252,4004.0,-1774.0,15496.0,-4.0,-2.0,-6.0
2897.0,2807.0,2875.0,3123.0,3025.0,0.992004,-0.051453,-0.114929,0.001099,-1.0,-1.0,-1.0,2008.0,-897.0,7752.0,140.0,-58.0,-179.0,176.0,-73.0,-135.0,0.227907,-0.102335,0.968218,4082.0,-1802.0,15516.0,-3.0,-1.0,-6.0
2896.0,2807.0,2871.0,3119.0,3027.0,0.992004,-0.051575,-0.115112,0.001038,-1.0,0.0,-1.0,2013.0,-906.0,7748.0,142.0,-65.0,-183.0,179.0,-81.0,-138.0,0.228277,-0.102564,0.968163,4042.0,-1824.0,15492.0,0.0,2.0,-6.0
2897.0,2803.0,2871.0,3120.0,3025.0,0.992004,-0.051575,-0.115173,0.000977,-1.0,0.0,-1.0,2008.0,-902.0,7751.0,136.0,-61.0,-180.0,172.0,-77.0,-136.0,0.228404,-0.10255,0.968149,3990.0,-1772.0,15506.0,-2.0,2.0,-6.0
2893.0,2803.0,2871.0,3119.0,3024.0,0.991943,-0.051697,-0.115295,0.000916,-1.0,-1.0,-1.0,2013.0,-895.0,7765.0,139.0,-53.0,-164.0,172.0,-67.0,-121.0,0.228638,-0.102772,0.967987,4082.0,-1792.0,15500.0,-5.0,0.0,-7.0
2895.0,2803.0,2843.0,3121.0,3027.0,0.991943,-0.051758,-0.115417,0.000854,-1.0,0.0,-1.0,2011.0,-894.0,7762.0,135.0,-51.0,-167.0,169.0,-65.0,-125.0,0.228887,-0.102879,0.967952,4002.0,-1756.0,15498.0,-5.0,2.0,-9.0
2895.0,2807.0,2875.0,3121.0,3023.0,0.991943,-0.05188,-0.11554,0.000793,-1.0,-1.0,-1.0,2011.0,-901.0,7752.0,133.0,-56.0,-177.0,169.0,-72.0,-135.0,0.229135,-0.103107,0.967911,4042.0,-1844.0,15514.0,-4.0,0.0,-7.0
2893.0,2807.0,2875.0,3120.0,3025.0,0.991882,-0.05188,-0.115662,0.000732,-1.0,-1.0,-1.0,2018.0,-905.0,7754.0,139.0,-60.0,-173.0,174.0,-75.0,-129.0,0.229369,-0.103087,0.967762,4058.0,-1834.0,15544.0,-1.0,0.0,-4.0
2893.0,2807.0,2873.0,3120.0,3024.0,0.991882,-0.052002,-0.115845,0.000732,-1.0,-1.0,0.0,2015.0,-906.0,7746.0,133.0,-59.0,-181.0,170.0,-75.0,-138.0,0.229732,-0.103329,0.967707,4020.0,-1804.0,15456.0,0.0,0.0,0.0
2896.0,2806.0,2869.0,3123.0,3027.0,0.991882,-0.052002,-0.115906,0.000732,-1.0,-1.0,0.0,2020.0,-908.0,7739.0,137.0,-61.0,-188.0,175.0,-78.0,-144.0,0.229854,-0.103329,0.967693,4078.0,-1816.0,15428.0,-1.0,-2.0,1.0
2891.0,2807.0,2875.0,3121.0,3023.0,0.991821,-0.052124,-0.116089,0.000732,-1.0,-1.0,0.0,2018.0,-905.0,7738.0,132.0,-56.0,-187.0,170.0,-73.0,-144.0,0.230202,-0.103565,0.967516,4054.0,-1792.0,15472.0,-1.0,-1.0,0.0
2895.0,2806.0,2871.0,3123.0,3025.0,0.991821,-0.052124,-0.116211,0.000732,0.0,-1.0,0.0,2014.0,-895.0,7731.0,126.0,-46.0,-194.0,166.0,-64.0,-153.0,0.230445,-0.103566,0.967488,4020.0,-1744.0,15418.0,1.0,-1.0,1.0
2894.0,2806.0,2869.0,3121.0,3023.0,0.991821,-0.052185,-0.116333,0.000793,0.0,-1.0,0.0,2006.0,-893.0,7726.0,116.0,-43.0,-199.0,158.0,-61.0,-161.0,0.23068,-0.103701,0.967453,3976.0,-1804.0,15448.0,2.0,0.0,3.0
2895.0,2805.0,2871.0,3121.0,3026.0,0.991821,-0.052185,-0.116394,0.000793,-1.0,-1.0,0.0,2004.0,-895.0,7734.0,113.0,-45.0,-191.0,153.0,-62.0,-154.0,0.230801,-0.103701,0.967439,3986.0,-1792.0,15490.0,-1.0,-1.0,2.0
2896.0,2815.0,2875.0,3127.0,3025.0,0.99176,-0.052185,-0.116516,0.000854,0.0,0.0,0.0,2028.0,-915.0,7709.0,135.0,-65.0,-215.0,180.0,-84.0,-170.0,0.231023,-0.103709,0.96729,4172.0,-1954.0,15178.0,22.0,13.0,6.0
2896.0,2806.0,2861.0,3120.0,3025.0,0.991821,-0.052002,-0.116455,0.000916,2.0,2.0,0.0,2042.0,-929.0,7673.0,150.0,-82.0,-252.0,203.0,-105.0,-200.0,0.23091,-0.103367,0.967444,4112.0,-1892.0,15254.0,58.0,46.0,4.0
2895.0,2807.0,2870.0,3121.0,3024.0,0.991882,-0.051575,-0.116028,0.000854,0.0,1.0,-1.0,1972.0,-865.0,7793.0,87.0,-25.0,-134.0,115.0,-37.0,-107.0,0.230084,-0.10251,0.967709,3774.0,-1464.0,16218.0,14.0,25.0,-5.0
2896.0,2807.0,2870.0,3119.0,3027.0,0.991882,-0.051697,-0.11615,0.000854,-2.0,-2.0,-1.0,1978.0,-866.0,7867.0,91.0,-24.0,-60.0,102.0,-28.0,-34.0,0.230326,-0.102753,0.967668,4022.0,-1836.0,16062.0,-33.0,-36.0,-2.0
2895.0,2807.0,2871.0,3127.0,3023.0,0.99176,-0.052002,-0.116699,0.000732,-1.0,-2.0,-1.0,1992.0,-888.0,7751.0,96.0,-41.0,-172.0,132.0,-57.0,-139.0,0.231399,-0.103318,0.967266,4046.0,-1760.0,15038.0,-16.0,-28.0,-9.0
2895.0,2807.0,2873.0,3123.0,3023.0,0.99176,-0.052124,-0.116821,0.000732,-1.0,0.0,-1.0,2012.0,-890.0,7722.0,114.0,-41.0,-201.0,157.0,-59.0,-163.0,0.231641,-0.10356,0.967225,4148.0,-1824.0,15392.0,-9.0,4.0,-2.0
2895.0,2803.0,2871.0,3123.0,3023.0,0.99176,-0.052185,-0.116821,0.000732,0.0,0.0,0.0,2008.0,-895.0,7780.0,110.0,-45.0,-143.0,139.0,-58.0,-108.0,0.231641,-0.103681,0.967218,3928.0,-1752.0,15646.0,1.0,11.0,0.0
2895.0,2805.0,2871.0,3121.0,3023.0,0.99176,-0.052185,-0.116943,0.000732,-1.0,-1.0,-1.0,1988.0,-879.0,7777.0,88.0,-29.0,-146.0,119.0,-42.0,-117.0,0.231883,-0.103681,0.96719,3860.0,-1656.0,15520.0,-8.0,-13.0,-3.0
2891.0,2805.0,2874.0,3120.0,3023.0,0.991699,-0.052429,-0.117249,0.000671,-2.0,-1.0,-1.0,2013.0,-882.0,7769.0,108.0,-28.0,-152.0,140.0,-42.0,-118.0,0.23248,-0.104145,0.966972,4158.0,-1854.0,15482.0,-23.0,-14.0,-2.0
2895.0,2805.0,2871.0,3120.0,3023.0,0.991699,-0.052551,-0.117371,0.000671,-1.0,-1.0,0.0,2013.0,-896.0,7744.0,106.0,-40.0,-177.0,143.0,-56.0,-142.0,0.232722,-0.104388,0.96693,3988.0,-1830.0,15330.0,-10.0,-8.0,0.0
2895.0,2807.0,2847.0,3123.0,3024.0,0.991638,-0.052612,-0.117554,0.000671,0.0,0.0,0.0,2010.0,-896.0,7719.0,100.0,-39.0,-200.0,143.0,-58.0,-165.0,0.233071,-0.104503,0.96676,3934.0,-1772.0,15410.0,7.0,7.0,6.0
2895.0,2806.0,2871.0,3123.0,3023.0,0.991638,-0.052612,-0.117493,0.000732,0.0,0.0,0.0,1999.0,-890.0,7732.0,90.0,-33.0,-187.0,130.0,-51.0,-156.0,0.232943,-0.104517,0.966774,3926.0,-1750.0,15618.0,5.0,11.0,4.0
2895.0,2805.0,2871.0,3119.0,3025.0,0.991638,-0.052673,-0.117615,0.000732,0.0,-1.0,0.0,1994.0,-898.0,7751.0,83.0,-40.0,-168.0,119.0,-56.0,-138.0,0.233185,-0.104638,0.966739,4002.0,-1784.0,15522.0,1.0,-8.0,0.0
2895.0,2807.0,2870.0,3119.0,3023.0,0.991638,-0.052673,-0.117737,0.000732,0.0,-1.0,0.0,1998.0,-897.0,7749.0,85.0,-39.0,-170.0,121.0,-55.0,-140.0,0.233427,-0.104638,0.96671,4038.0,-1786.0,15480.0,1.0,-6.0,0.0
2895.0,2807.0,2873.0,3121.0,3026.0,0.991638,-0.052673,-0.117798,0.000793,0.0,0.0,0.0,1994.0,-900.0,7734.0,80.0,-42.0,-185.0,120.0,-59.0,-155.0,0.233542,-0.104653,0.966696,3982.0,-1836.0,15430.0,5.0,8.0,0.0
2895.0,2803.0,2871.0,3123.0,3027.0,0.991638,-0.052673,-0.117798,0.000732,0.0,0.0,-1.0,1996.0,-899.0,7730.0,82.0,-41.0,-189.0,123.0,-59.0,-159.0,0.233549,-0.104638,0.966696,4028.0,-1792.0,15412.0,12.0,7.0,-2.0
2895.0,2806.0,2871.0,3123.0,3023.0,0.991638,-0.052612,-0.117798,0.000793,0.0,0.0,0.0,2004.0,-898.0,7739.0,90.0,-41.0,-180.0,129.0,-58.0,-148.0,0.233542,-0.104532,0.966703,4030.0,-1802.0,15434.0,13.0,14.0,2.0
2895.0,2806.0,2871.0,3120.0,3022.0,0.991638,-0.052551,-0.117798,0.000793,0.0,0.0,0.0,1999.0,-896.0,7744.0,85.0,-40.0,-175.0,123.0,-56.0,-145.0,0.233542,-0.104411,0.966709,3946.0,-1782.0,15518.0,14.0,13.0,1.0
2895.0,2807.0,2871.0,3121.0,3025.0,0.991638,-0.05249,-0.117798,0.000793,0.0,0.0,-1.0,2000.0,-889.0,7757.0,86.0,-34.0,-162.0,121.0,-49.0,-132.0,0.233542,-0.10429,0.966715,4034.0,-1742.0,15506.0,10.0,8.0,-1.0
2895.0,2804.0,2870.0,3121.0,3024.0,0.991638,-0.052429,-0.117859,0.000793,0.0,0.0,0.0,2007.0,-890.0,7763.0,92.0,-36.0,-156.0,125.0,-50.0,-125.0,0.233664,-0.104169,0.966707,4046.0,-1768.0,15562.0,7.0,6.0,0.0
2896.0,2805.0,2867.0,3121.0,3023.0,0.991638,-0.052429,-0.11792,0.000793,0.0,0.0,-1.0,1999.0,-888.0,7767.0,83.0,-34.0,-152.0,115.0,-48.0,-123.0,0.233785,-0.104169,0.966693,3948.0,-1750.0,15506.0,3.0,4.0,-1.0
2896.0,2807.0,2874.0,3120.0,3023.0,0.991638,-0.05249,-0.11792,0.000793,0.0,0.0,-1.0,2004.0,-891.0,7765.0,88.0,-36.0,-154.0,121.0,-50.0,-124.0,0.233784,-0.10429,0.966687,4060.0,-1800.0,15546.0,2.0,2.0,-1.0
2895.0,2806.0,2871.0,3119.0,3023.0,0.991577,-0.052551,-0.118042,0.000793,-1.0,-1.0,-1.0,1997.0,-890.0,7770.0,79.0,-34.0,-147.0,110.0,-47.0,-120.0,0.234012,-0.104405,0.96653,3992.0,-1782.0,15544.0,-6.0,-1.0,-1.0
2895.0,2807.0,2871.0,3123.0,3025.0,0.991577,-0.052551,-0.118103,0.000793,0.0,0.0,-1.0,2000.0,-895.0,7745.0,81.0,-39.0,-172.0,118.0,-55.0,-143.0,0.234133,-0.104405,0.966516,4016.0,-1782.0,15348.0,6.0,5.0,-1.0
2896.0,2805.0,2871.0,3119.0,3024.0,0.991577,-0.052551,-0.118103,0.000793,-1.0,0.0,0.0,1994.0,-884.0,7749.0,75.0,-28.0,-168.0,111.0,-44.0,-141.0,0.234133,-0.104405,0.966516,4000.0,-1770.0,15516.0,-2.0,7.0,1.0
2896.0,2805.0,2869.0,3122.0,3025.0,0.991577,-0.052551,-0.118164,0.000793,0.0,-1.0,-1.0,1989.0,-878.0,7759.0,69.0,-22.0,-158.0,103.0,-37.0,-134.0,0.234254,-0.104405,0.966501,3928.0,-1714.0,15610.0,2.0,-1.0,-1.0
2896.0,2807.0,2871.0,3125.0,3025.0,0.991577,-0.052612,-0.118286,0.000732,-1.0,-1.0,-1.0,1988.0,-879.0,7753.0,66.0,-22.0,-164.0,102.0,-38.0,-140.0,0.234503,-0.104512,0.966466,3980.0,-1776.0,15404.0,-6.0,-4.0,-2.0
2895.0,2807.0,2867.0,3123.0,3024.0,0.991577,-0.052612,-0.118408,0.000732,0.0,-1.0,-1.0,1989.0,-878.0,7746.0,65.0,-21.0,-171.0,103.0,-37.0,-147.0,0.234745,-0.104512,0.966437,3980.0,-1736.0,15466.0,3.0,0.0,-2.0
2893.0,2807.0,2870.0,3123.0,3025.0,0.991516,-0.052612,-0.118408,0.000732,-1.0,0.0,-1.0,1976.0,-867.0,7757.0,53.0,-10.0,-159.0,88.0,-25.0,-140.0,0.23473,-0.104505,0.966316,3854.0,-1732.0,15616.0,-2.0,3.0,-2.0
2891.0,2805.0,2871.0,3123.0,3024.0,0.991516,-0.052673,-0.118469,0.000732,-1.0,-1.0,-1.0,1981.0,-870.0,7766.0,57.0,-12.0,-149.0,90.0,-26.0,-129.0,0.234851,-0.104626,0.966295,4028.0,-1776.0,15580.0,-8.0,-3.0,-4.0
2893.0,2806.0,2871.0,3120.0,3023.0,0.991516,-0.052795,-0.118652,0.000671,-1.0,-1.0,-1.0,1987.0,-873.0,7767.0,60.0,-14.0,-148.0,92.0,-28.0,-127.0,0.235221,-0.104854,0.966239,4024.0,-1694.0,15538.0,-10.0,-7.0,-5.0
2896.0,2806.0,2869.0,3120.0,3023.0,0.991516,-0.052856,-0.118713,0.00061,-1.0,-1.0,-1.0,1997.0,-874.0,7763.0,69.0,-14.0,-152.0,102.0,-28.0,-129.0,0.235348,-0.104961,0.966218,4062.0,-1750.0,15458.0,-10.0,-7.0,-5.0
2895.0,2806.0,2867.0,3119.0,3026.0,0.991455,-0.052917,-0.118896,0.000549,0.0,0.0,-1.0,2004.0,-883.0,7737.0,73.0,-22.0,-176.0,112.0,-39.0,-150.0,0.235703,-0.105061,0.966047,4006.0,-1776.0,15468.0,3.0,3.0,-3.0
2896.0,2805.0,2867.0,3122.0,3024.0,0.991455,-0.052917,-0.118896,0.000549,0.0,0.0,-1.0,2008.0,-883.0,7734.0,77.0,-22.0,-179.0,116.0,-39.0,-152.0,0.235703,-0.105061,0.966047,4034.0,-1760.0,15452.0,4.0,3.0,-1.0
2897.0,2804.0,2867.0,3121.0,3023.0,0.991455,-0.052917,-0.119019,0.000549,0.0,-1.0,0.0,2002.0,-882.0,7747.0,69.0,-21.0,-166.0,105.0,-37.0,-141.0,0.235945,-0.105061,0.966018,4000.0,-1774.0,15486.0,3.0,0.0,1.0
2895.0,2807.0,2873.0,3121.0,3023.0,0.991455,-0.052979,-0.11908,0.00061,0.0,-1.0,0.0,2000.0,-885.0,7749.0,66.0,-23.0,-164.0,102.0,-39.0,-140.0,0.236059,-0.105197,0.965997,3962.0,-1780.0,15496.0,2.0,0.0,2.0
2895.0,2768.0,2869.0,3120.0,3024.0,0.991455,-0.052979,-0.119141,0.00061,0.0,0.0,0.0,1997.0,-886.0,7753.0,62.0,-24.0,-160.0,97.0,-39.0,-137.0,0.23618,-0.105197,0.965982,3974.0,-1738.0,15516.0,2.0,2.0,3.0
2896.0,2805.0,2869.0,3121.0,3021.0,0.991455,-0.052979,-0.119202,0.00061,0.0,-1.0,0.0,1996.0,-881.0,7758.0,60.0,-19.0,-155.0,94.0,-34.0,-133.0,0.236302,-0.105197,0.965968,4004.0,-1742.0,15512.0,1.0,0.0,2.0
2896.0,2807.0,2875.0,3121.0,3025.0,0.991394,-0.05304,-0.119263,0.000671,-1.0,-1.0,0.0,1993.0,-882.0,7767.0,56.0,-19.0,-145.0,88.0,-33.0,-124.0,0.236401,-0.105326,0.965826,3948.0,-1746.0,15600.0,-2.0,-4.0,3.0
2896.0,2807.0,2871.0,3121.0,3023.0,0.991394,-0.053101,-0.119324,0.000671,-1.0,-1.0,0.0,1992.0,-883.0,7761.0,54.0,-19.0,-150.0,87.0,-33.0,-130.0,0.236522,-0.105447,0.965805,3992.0,-1760.0,15504.0,-3.0,-5.0,2.0
2895.0,2801.0,2874.0,3119.0,3024.0,0.991394,-0.053162,-0.119507,0.000671,-1.0,-1.0,0.0,1994.0,-878.0,7754.0,53.0,-13.0,-157.0,88.0,-28.0,-137.0,0.236885,-0.105569,0.965755,4020.0,-1754.0,15476.0,-4.0,-5.0,3.0
2895.0,2805.0,2909.0,3123.0,3024.0,0.991394,-0.053162,-0.119507,0.000671,-1.0,-1.0,0.0,1991.0,-878.0,7748.0,50.0,-13.0,-163.0,87.0,-29.0,-144.0,0.236885,-0.105569,0.965755,3970.0,-1796.0,15470.0,-3.0,-1.0,4.0
2893.0,2807.0,2870.0,3121.0,3027.0,0.991394,-0.053223,-0.119629,0.000732,0.0,0.0,0.0,1988.0,-883.0,7739.0,45.0,-17.0,-172.0,84.0,-34.0,-153.0,0.237121,-0.105704,0.965719,3922.0,-1746.0,15530.0,7.0,4.0,3.0
2895.0,2806.0,2869.0,3121.0,3025.0,0.991394,-0.053223,-0.119629,0.000732,0.0,0.0,0.0,1985.0,-880.0,7749.0,42.0,-14.0,-162.0,79.0,-30.0,-145.0,0.237121,-0.105704,0.965719,3982.0,-1754.0,15512.0,1.0,3.0,3.0
2895.0,2803.0,2870.0,3120.0,3025.0,0.991394,-0.053223,-0.119629,0.000793,-1.0,-1.0,0.0,1982.0,-879.0,7757.0,39.0,-12.0,-154.0,74.0,-27.0,-138.0,0.237114,-0.105719,0.965719,3942.0,-1740.0,15606.0,-1.0,-1.0,2.0
2895.0,2806.0,2864.0,3123.0,3025.0,0.991333,-0.053284,-0.119751,0.000793,-1.0,-1.0,0.0,1979.0,-879.0,7761.0,34.0,-12.0,-148.0,68.0,-27.0,-133.0,0.237342,-0.105834,0.965562,3910.0,-1754.0,15518.0,-4.0,-6.0,0.0
2896.0,2807.0,2871.0,3121.0,3025.0,0.991333,-0.053284,-0.119812,0.000793,-1.0,-1.0,0.0,1980.0,-882.0,7762.0,34.0,-15.0,-147.0,67.0,-29.0,-132.0,0.237463,-0.105834,0.965548,4010.0,-1806.0,15546.0,-4.0,-6.0,0.0
2896.0,2805.0,2877.0,3127.0,3025.0,0.991333,-0.053406,-0.119934,0.000793,-1.0,-1.0,0.0,1981.0,-881.0,7763.0,33.0,-12.0,-146.0,66.0,-26.0,-131.0,0.237704,-0.106076,0.965505,3974.0,-1764.0,15554.0,-4.0,-4.0,1.0
2891.0,2807.0,2871.0,3123.0,3023.0,0.991333,-0.053406,-0.119995,0.000793,-1.0,-1.0,0.0,1988.0,-879.0,7757.0,39.0,-10.0,-152.0,73.0,-25.0,-136.0,0.237825,-0.106076,0.965491,4040.0,-1738.0,15450.0,-4.0,-4.0,0.0
2896.0,2807.0,2871.0,3121.0,3027.0,0.991272,-0.053467,-0.120117,0.000732,-1.0,-1.0,-1.0,1989.0,-874.0,7764.0,38.0,-4.0,-144.0,71.0,-18.0,-129.0,0.238059,-0.106176,0.965334,3948.0,-1762.0,15548.0,-7.0,-4.0,-2.0
2895.0,2805.0,2873.0,3120.0,3024.0,0.991272,-0.053528,-0.120178,0.000732,-1.0,-1.0,-1.0,1982.0,-875.0,7774.0,30.0,-4.0,-133.0,60.0,-17.0,-120.0,0.23818,-0.106297,0.965313,3914.0,-1774.0,15584.0,-9.0,-8.0,-1.0
2895.0,2807.0,2871.0,3123.0,3025.0,0.991272,-0.053711,-0.1203,0.000732,-1.0,-1.0,-1.0,1986.0,-877.0,7766.0,32.0,-3.0,-141.0,64.0,-17.0,-128.0,0.238422,-0.106661,0.965264,4086.0,-1820.0,15506.0,-15.0,-8.0,-2.0
2896.0,2805.0,2871.0,3125.0,2995.0,0.991272,-0.053772,-0.120361,0.000671,-1.0,-1.0,-1.0,1991.0,-889.0,7746.0,36.0,-14.0,-161.0,73.0,-30.0,-145.0,0.238549,-0.106767,0.965242,3962.0,-1830.0,15388.0,-2.0,-1.0,-2.0
2895.0,2803.0,2869.0,3107.0,3025.0,0.991211,-0.053772,-0.120422,0.000671,-1.0,0.0,-1.0,1992.0,-882.0,7762.0,36.0,-7.0,-144.0,69.0,-21.0,-129.0,0.238656,-0.10676,0.965107,3972.0,-1808.0,15600.0,-7.0,1.0,-2.0
2896.0,2807.0,2875.0,3120.0,3025.0,0.991211,-0.053833,-0.120483,0.000671,-1.0,-1.0,-1.0,1990.0,-878.0,7765.0,33.0,-2.0,-140.0,65.0,-16.0,-127.0,0.238777,-0.106882,0.965085,3972.0,-1698.0,15520.0,-5.0,-4.0,-3.0
2896.0,2806.0,2871.0,3121.0,3025.0,0.991211,-0.053955,-0.120667,0.00061,-1.0,-1.0,-1.0,1992.0,-881.0,7764.0,32.0,-3.0,-141.0,64.0,-17.0,-128.0,0.239146,-0.107109,0.965028,3948.0,-1758.0,15528.0,-14.0,-9.0,-4.0
2895.0,2807.0,2873.0,3123.0,3026.0,0.991211,-0.054016,-0.120667,0.000549,-1.0,-1.0,-1.0,1982.0,-883.0,7765.0,22.0,-4.0,-140.0,54.0,-18.0,-129.0,0.239153,-0.107215,0.965021,3908.0,-1780.0,15536.0,-15.0,-7.0,-7.0
2894.0,2805.0,2875.0,3123.0,3025.0,0.99115,-0.054199,-0.12085,0.000427,-2.0,-1.0,-1.0,1975.0,-883.0,7772.0,12.0,-2.0,-131.0,43.0,-15.0,-123.0,0.239514,-0.107542,0.964836,3974.0,-1820.0,15530.0,-23.0,-12.0,-12.0
2894.0,2807.0,2874.0,3122.0,3025.0,0.99115,-0.054321,-0.120911,0.000366,-1.0,-1.0,-1.0,1975.0,-890.0,7760.0,11.0,-7.0,-143.0,44.0,-22.0,-134.0,0.239641,-0.10777,0.964808,3960.0,-1820.0,15446.0,-18.0,-8.0,-14.0
2893.0,2803.0,2871.0,3121.0,3024.0,0.99115,-0.054443,-0.121033,0.000183,-1.0,0.0,-1.0,1998.0,-888.0,7740.0,32.0,-3.0,-163.0,70.0,-20.0,-149.0,0.239903,-0.107967,0.964765,4086.0,-1754.0,15410.0,-6.0,4.0,-15.0
2895.0,2806.0,2875.0,3122.0,3029.0,0.99115,-0.054443,-0.121033,0.000122,-1.0,0.0,-1.0,2008.0,-887.0,7736.0,42.0,-2.0,-167.0,80.0,-19.0,-150.0,0.23991,-0.107953,0.964765,4058.0,-1790.0,15448.0,0.0,8.0,-10.0
2896.0,2805.0,2871.0,3121.0,3024.0,0.99115,-0.054443,-0.121094,6.1e-05,0.0,0.0,-1.0,2014.0,-895.0,7752.0,47.0,-10.0,-151.0,81.0,-25.0,-133.0,0.240037,-0.107938,0.96475,4006.0,-1746.0,15556.0,4.0,3.0,-4.0
2895.0,2806.0,2871.0,3121.0,3025.0,0.991089,-0.054443,-0.121094,6.1e-05,-1.0,0.0,-1.0,2009.0,-889.0,7760.0,42.0,-4.0,-142.0,74.0,-18.0,-126.0,0.240023,-0.107931,0.964629,3978.0,-1726.0,15544.0,-1.0,1.0,-3.0
2895.0,2805.0,2871.0,3121.0,3023.0,0.991089,-0.054504,-0.121155,0.0,-1.0,0.0,-1.0,2003.0,-893.0,7751.0,35.0,-7.0,-151.0,70.0,-22.0,-136.0,0.24015,-0.108037,0.964608,3964.0,-1788.0,15438.0,-1.0,2.0,-4.0
2894.0,2810.0,2847.0,3121.0,3024.0,0.991089,-0.054504,-0.121216,-6.1e-05,0.0,0.0,-1.0,1997.0,-885.0,7752.0,28.0,0.0,-149.0,62.0,-15.0,-136.0,0.240278,-0.108023,0.964593,3956.0,-1720.0,15562.0,3.0,3.0,-7.0
2895.0,2805.0,2871.0,3121.0,3023.0,0.991089,-0.054504,-0.121216,-0.000122,-1.0,-1.0,-1.0,1990.0,-887.0,7767.0,21.0,-2.0,-134.0,52.0,-16.0,-123.0,0.240285,-0.108008,0.964593,3992.0,-1758.0,15572.0,-6.0,0.0,-9.0
2895.0,2807.0,2871.0,3120.0,3026.0,0.991089,-0.054565,-0.121216,-0.000183,-1.0,-1.0,-1.0,1986.0,-885.0,7762.0,17.0,0.0,-139.0,49.0,-14.0,-129.0,0.240291,-0.108114,0.964587,3982.0,-1760.0,15440.0,-7.0,-1.0,-11.0
2895.0,2807.0,2875.0,3123.0,3026.0,0.991089,-0.054626,-0.121277,-0.000366,-1.0,0.0,-1.0,1988.0,-882.0,7767.0,18.0,4.0,-134.0,49.0,-10.0,-125.0,0.240432,-0.108191,0.964565,4024.0,-1762.0,15546.0,-6.0,1.0,-14.0
2895.0,2807.0,2871.0,3121.0,3025.0,0.991089,-0.054626,-0.121338,-0.000427,-1.0,0.0,-1.0,1992.0,-883.0,7760.0,21.0,3.0,-141.0,54.0,-12.0,-131.0,0.24056,-0.108176,0.96455,4004.0,-1768.0,15464.0,-4.0,4.0,-12.0
2896.0,2803.0,2871.0,3123.0,3023.0,0.991089,-0.054688,-0.121338,-0.000549,0.0,0.0,-1.0,2011.0,-898.0,7751.0,40.0,-11.0,-150.0,74.0,-26.0,-133.0,0.240573,-0.108267,0.964544,4096.0,-1862.0,15456.0,3.0,4.0,-7.0
2895.0,2805.0,2870.0,3121.0,3023.0,0.991089,-0.054626,-0.121399,-0.000549,0.0,0.0,-1.0,2014.0,-896.0,7752.0,42.0,-10.0,-149.0,76.0,-25.0,-132.0,0.240694,-0.108146,0.964536,4028.0,-1768.0,15530.0,6.0,7.0,-4.0
2896.0,2806.0,2871.0,3123.0,3023.0,0.991089,-0.054626,-0.121399,-0.000549,0.0,0.0,-1.0,2005.0,-896.0,7767.0,33.0,-10.0,-134.0,64.0,-24.0,-120.0,0.240694,-0.108146,0.964536,3956.0,-1764.0,15600.0,7.0,3.0,-1.0
2895.0,2806.0,2869.0,3121.0,3023.0,0.991089,-0.054565,-0.121399,-0.000549,0.0,0.0,0.0,2003.0,-892.0,7769.0,31.0,-7.0,-132.0,61.0,-20.0,-119.0,0.240694,-0.108025,0.964542,3998.0,-1744.0,15530.0,5.0,3.0,0.0
2896.0,2807.0,2870.0,3123.0,3025.0,0.991089,-0.054565,-0.121399,-0.000549,0.0,0.0,0.0,1998.0,-884.0,7770.0,26.0,0.0,-131.0,56.0,-13.0,-120.0,0.240694,-0.108025,0.964542,3948.0,-1728.0,15562.0,3.0,3.0,2.0
2894.0,2803.0,2871.0,3121.0,3023.0,0.991089,-0.054504,-0.12146,-0.000549,0.0,-1.0,0.0,1995.0,-884.0,7774.0,22.0,0.0,-127.0,51.0,-13.0,-117.0,0.240815,-0.107904,0.964534,3968.0,-1766.0,15616.0,2.0,0.0,3.0
2893.0,2805.0,2871.0,3107.0,3024.0,0.991089,-0.054565,-0.121521,-0.000488,0.0,-1.0,0.0,1999.0,-885.0,7766.0,25.0,0.0,-135.0,56.0,-14.0,-124.0,0.240929,-0.10804,0.964513,3978.0,-1768.0,15528.0,2.0,-1.0,3.0
2895.0,2806.0,2871.0,3121.0,3025.0,0.991089,-0.054565,-0.121521,-0.000488,-1.0,-1.0,0.0,1994.0,-888.0,7762.0,20.0,-2.0,-139.0,52.0,-16.0,-129.0,0.240929,-0.10804,0.964513,3988.0,-1812.0,15486.0,0.0,0.0,3.0
2895.0,2807.0,2871.0,3123.0,3027.0,0.991089,-0.054565,-0.121582,-0.000488,0.0,-1.0,0.0,1993.0,-885.0,7755.0,18.0,0.0,-146.0,52.0,-15.0,-136.0,0.24105,-0.10804,0.964498,4024.0,-1786.0,15478.0,2.0,0.0,2.0
2895.0,2806.0,2871.0,3120.0,3023.0,0.991028,-0.054565,-0.121582,-0.000427,0.0,0.0,0.0,1986.0,-880.0,7756.0,11.0,5.0,-144.0,45.0,-10.0,-136.0,0.241029,-0.108048,0.964377,3940.0,-1730.0,15518.0,3.0,1.0,2.0
2896.0,2803.0,2873.0,3121.0,3023.0,0.991028,-0.054565,-0.121643,-0.000427,-1.0,-1.0,0.0,1992.0,-882.0,7756.0,16.0,3.0,-144.0,50.0,-12.0,-135.0,0.24115,-0.108048,0.964362,4010.0,-1788.0,15512.0,0.0,-1.0,1.0
2896.0,2807.0,2875.0,3120.0,3023.0,0.991028,-0.054565,-0.121643,-0.000427,0.0,-1.0,0.0,1986.0,-881.0,7761.0,10.0,4.0,-139.0,43.0,-10.0,-132.0,0.24115,-0.108048,0.964362,3928.0,-1734.0,15542.0,1.0,-1.0,1.0
2895.0,2803.0,2870.0,3121.0,3019.0,0.991028,-0.054565,-0.121704,-0.000427,0.0,-1.0,0.0,1978.0,-877.0,7760.0,1.0,8.0,-139.0,34.0,-7.0,-134.0,0.241271,-0.108048,0.964347,3916.0,-1708.0,15534.0,2.0,-1.0,3.0
2896.0,2807.0,2875.0,3120.0,3023.0,0.991028,-0.054565,-0.121704,-0.000366,0.0,-1.0,0.0,1984.0,-881.0,7754.0,7.0,4.0,-145.0,41.0,-11.0,-138.0,0.241264,-0.108063,0.964347,4022.0,-1800.0,15458.0,1.0,0.0,3.0
2896.0,2807.0,2869.0,3123.0,3023.0,0.991028,-0.054504,-0.121765,-0.000366,0.0,0.0,0.0,1989.0,-885.0,7751.0,11.0,0.0,-148.0,46.0,-15.0,-140.0,0.241385,-0.107942,0.964339,3984.0,-1794.0,15486.0,4.0,3.0,3.0
2895.0,2807.0,2875.0,3121.0,3025.0,0.991028,-0.054504,-0.121765,-0.000305,0.0,0.0,0.0,1986.0,-884.0,7756.0,8.0,0.0,-143.0,42.0,-15.0,-135.0,0.241379,-0.107956,0.964339,3956.0,-1762.0,15572.0,4.0,3.0,5.0
2896.0,2807.0,2871.0,3124.0,3026.0,0.991028,-0.054504,-0.121826,-0.000305,0.0,-1.0,0.0,1993.0,-882.0,7757.0,14.0,2.0,-142.0,47.0,-13.0,-133.0,0.2415,-0.107956,0.964324,4016.0,-1748.0,15502.0,3.0,-1.0,2.0
2895.0,2806.0,2869.0,3123.0,3024.0,0.991028,-0.054504,-0.121826,-0.000305,0.0,-1.0,0.0,1991.0,-889.0,7750.0,12.0,-4.0,-149.0,47.0,-19.0,-140.0,0.2415,-0.107956,0.964324,3982.0,-1854.0,15434.0,2.0,0.0,2.0
2895.0,2806.0,2869.0,3121.0,3023.0,0.991028,-0.054504,-0.121826,-0.000244,0.0,0.0,0.0,1979.0,-881.0,7754.0,0.0,3.0,-145.0,35.0,-12.0,-140.0,0.241493,-0.107971,0.964324,3964.0,-1762.0,15556.0,3.0,3.0,3.0
2891.0,2803.0,2871.0,3143.0,3025.0,0.991028,-0.054504,-0.121826,-0.000244,-1.0,0.0,0.0,1981.0,-885.0,7751.0,2.0,0.0,-148.0,37.0,-15.0,-142.0,0.241493,-0.107971,0.964324,3968.0,-1790.0,15458.0,0.0,1.0,3.0
2895.0,2806.0,2870.0,3121.0,3023.0,0.991028,-0.054504,-0.121887,-0.000183,-1.0,-1.0,0.0,1980.0,-873.0,7753.0,0.0,11.0,-146.0,35.0,-4.0,-141.0,0.241607,-0.107986,0.964309,3968.0,-1700.0,15528.0,-1.0,-2.0,3.0
2895.0,2806.0,2871.0,3121.0,3023.0,0.991028,-0.054504,-0.121887,-0.000183,-1.0,-1.0,0.0,1982.0,-876.0,7757.0,2.0,8.0,-142.0,36.0,-7.0,-137.0,0.241607,-0.107986,0.964309,3982.0,-1760.0,15530.0,-5.0,-3.0,4.0
2895.0,2803.0,2869.0,3121.0,3022.0,0.991028,-0.054504,-0.122009,-0.000183,-1.0,-1.0,0.0,1983.0,-878.0,7753.0,1.0,6.0,-146.0,36.0,-9.0,-141.0,0.241849,-0.107986,0.964279,3960.0,-1770.0,15524.0,-1.0,-2.0,4.0
2894.0,2803.0,2871.0,3119.0,3025.0,0.991028,-0.054565,-0.122009,-0.000122,0.0,0.0,0.0,1989.0,-889.0,7742.0,7.0,-3.0,-157.0,44.0,-19.0,-149.0,0.241843,-0.108122,0.964273,4008.0,-1814.0,15424.0,2.0,2.0,2.0
2903.0,2811.0,2873.0,3123.0,3025.0,0.991028,-0.054504,-0.122009,-0.000122,0.0,0.0,0.0,1982.0,-876.0,7751.0,0.0,8.0,-148.0,35.0,-8.0,-143.0,0.241842,-0.108001,0.964279,3984.0,-1718.0,15574.0,2.0,2.0,3.0
2895.0,2807.0,2867.0,3121.0,3025.0,0.991028,-0.054504,-0.122009,-0.000122,0.0,-1.0,0.0,1983.0,-879.0,7746.0,1.0,5.0,-153.0,38.0,-11.0,-147.0,0.241842,-0.108001,0.964279,3968.0,-1762.0,15458.0,2.0,0.0,2.0
2893.0,2807.0,2871.0,3121.0,3023.0,0.991028,-0.054504,-0.12207,-6.1e-05,-1.0,-1.0,0.0,1981.0,-884.0,7745.0,-1.0,0.0,-154.0,36.0,-16.0,-148.0,0.241957,-0.108016,0.964264,3962.0,-1766.0,15492.0,-1.0,-2.0,2.0
2896.0,2807.0,2871.0,3121.0,3027.0,0.990967,-0.054565,-0.12207,-6.1e-05,-1.0,-1.0,0.0,1979.0,-881.0,7744.0,-2.0,4.0,-154.0,35.0,-12.0,-149.0,0.241942,-0.10813,0.964137,4010.0,-1766.0,15460.0,-1.0,-4.0,3.0
2869.0,2807.0,2871.0,3121.0,3023.0,0.990967,-0.054565,-0.122131,-6.1e-05,-1.0,-1.0,0.0,1982.0,-878.0,7744.0,0.0,7.0,-154.0,37.0,-9.0,-149.0,0.242063,-0.10813,0.964122,3974.0,-1802.0,15448.0,-1.0,-2.0,4.0
2893.0,2810.0,2867.0,3119.0,3022.0,0.990967,-0.054565,-0.122192,0.0,-1.0,-1.0,0.0,1981.0,-877.0,7745.0,-2.0,8.0,-152.0,34.0,-8.0,-147.0,0.242177,-0.108145,0.964107,3954.0,-1726.0,15500.0,0.0,-1.0,2.0
2895.0,2803.0,2871.0,3121.0,3023.0,0.990967,-0.054565,-0.122253,0.0,-1.0,-1.0,0.0,1992.0,-879.0,7753.0,7.0,6.0,-144.0,41.0,-9.0,-137.0,0.242298,-0.108145,0.964092,4002.0,-1780.0,15478.0,-2.0,-3.0,3.0
2896.0,2807.0,2871.0,3121.0,3024.0,0.990967,-0.054626,-0.122253,0.0,-1.0,-1.0,0.0,1991.0,-878.0,7758.0,6.0,8.0,-139.0,39.0,-7.0,-133.0,0.242298,-0.108266,0.964085,3978.0,-1760.0,15568.0,0.0,-3.0,3.0
2895.0,2805.0,2862.0,3121.0,3023.0,0.990967,-0.054626,-0.122314,6.1e-05,-1.0,-1.0,0.0,1984.0,-870.0,7757.0,-1.0,17.0,-140.0,33.0,1.0,-137.0,0.242412,-0.108281,0.96407,3906.0,-1704.0,15540.0,-1.0,-4.0,2.0
2895.0,2807.0,2874.0,3119.0,3035.0,0.990967,-0.054626,-0.122375,6.1e-05,-1.0,-1.0,0.0,1987.0,-871.0,7755.0,0.0,16.0,-142.0,34.0,0.0,-138.0,0.242533,-0.108281,0.964055,4008.0,-1744.0,15510.0,-2.0,-3.0,3.0
2895.0,2807.0,2869.0,3121.0,3023.0,0.990967,-0.054626,-0.122437,6.1e-05,-1.0,-1.0,0.0,1988.0,-876.0,7752.0,0.0,11.0,-145.0,35.0,-4.0,-140.0,0.242654,-0.108281,0.96404,4002.0,-1792.0,15482.0,-1.0,-2.0,2.0
2895.0,2803.0,2911.0,3119.0,3023.0,0.990967,-0.054626,-0.122437,0.000122,-1.0,-1.0,0.0,1984.0,-881.0,7752.0,-3.0,6.0,-145.0,32.0,-9.0,-141.0,0.242648,-0.108296,0.96404,3926.0,-1818.0,15514.0,0.0,0.0,3.0
2895.0,2807.0,2875.0,3143.0,3024.0,0.990967,-0.054626,-0.122498,0.000122,0.0,-1.0,0.0,1985.0,-881.0,7755.0,-3.0,6.0,-142.0,31.0,-9.0,-138.0,0.242769,-0.108296,0.964025,4010.0,-1744.0,15530.0,1.0,-2.0,3.0
2896.0,2809.0,2871.0,3120.0,3026.0,0.990967,-0.054626,-0.122498,0.000122,-1.0,-1.0,0.0,1985.0,-877.0,7749.0,-3.0,10.0,-148.0,33.0,-6.0,-144.0,0.242769,-0.108296,0.964025,3986.0,-1752.0,15428.0,-1.0,0.0,3.0
2896.0,2807.0,2870.0,3121.0,3030.0,0.990906,-0.054626,-0.122559,0.000183,0.0,0.0,0.0,1986.0,-877.0,7753.0,-3.0,10.0,-143.0,31.0,-5.0,-139.0,0.242868,-0.108304,0.96389,4030.0,-1768.0,15504.0,1.0,1.0,2.0
2896.0,2815.0,2871.0,3123.0,3025.0,0.990906,-0.054626,-0.122559,0.000183,0.0,0.0,0.0,1983.0,-874.0,7759.0,-6.0,13.0,-137.0,27.0,-1.0,-134.0,0.242868,-0.108304,0.96389,3876.0,-1718.0,15568.0,1.0,2.0,2.0
2895.0,2807.0,2874.0,3123.0,3023.0,0.990906,-0.054626,-0.122559,0.000183,0.0,0.0,0.0,1988.0,-884.0,7753.0,-1.0,3.0,-143.0,33.0,-12.0,-138.0,0.242868,-0.108304,0.96389,4002.0,-1768.0,15504.0,2.0,2.0,2.0
2897.0,2802.0,2874.0,3121.0,3025.0,0.990906,-0.054626,-0.122559,0.000183,-1.0,-1.0,0.0,1986.0,-882.0,7766.0,-3.0,5.0,-130.0,28.0,-9.0,-126.0,0.242868,-0.108304,0.96389,3948.0,-1768.0,15628.0,-1.0,-2.0,2.0
2896.0,2803.0,2875.0,3123.0,3023.0,0.990906,-0.054688,-0.12262,0.000244,-1.0,-1.0,0.0,1983.0,-883.0,7761.0,-7.0,5.0,-135.0,26.0,-9.0,-132.0,0.242982,-0.10844,0.963868,3970.0,-1742.0,15496.0,-1.0,-2.0,4.0
2895.0,2806.0,2871.0,3119.0,3024.0,0.990906,-0.054688,-0.122681,0.000244,-1.0,-1.0,0.0,1989.0,-885.0,7755.0,-2.0,3.0,-140.0,32.0,-12.0,-135.0,0.243103,-0.10844,0.963853,4008.0,-1760.0,15514.0,-1.0,-2.0,4.0
2895.0,2806.0,2870.0,3120.0,3024.0,0.990906,-0.054688,-0.122681,0.000305,-1.0,-1.0,0.0,1987.0,-876.0,7769.0,-4.0,12.0,-126.0,26.0,-1.0,-123.0,0.243097,-0.108455,0.963853,3998.0,-1760.0,15612.0,-3.0,-4.0,3.0
2895.0,2810.0,2875.0,3123.0,3023.0,0.990906,-0.054749,-0.122742,0.000305,-1.0,-1.0,0.0,1980.0,-878.0,7768.0,-12.0,11.0,-127.0,19.0,-3.0,-126.0,0.243217,-0.108576,0.963831,3920.0,-1788.0,15514.0,-3.0,-5.0,2.0
2893.0,2805.0,2869.0,3119.0,3029.0,0.990906,-0.054749,-0.122803,0.000305,-1.0,-1.0,0.0,1983.0,-880.0,7766.0,-10.0,9.0,-129.0,21.0,-5.0,-127.0,0.243338,-0.108576,0.963816,3994.0,-1772.0,15574.0,-1.0,-2.0,2.0
2895.0,2805.0,2871.0,3119.0,3023.0,0.990906,-0.054749,-0.122803,0.000305,-1.0,-1.0,0.0,1988.0,-881.0,7764.0,-5.0,8.0,-131.0,27.0,-6.0,-128.0,0.243338,-0.108576,0.963816,3976.0,-1770.0,15480.0,-2.0,-2.0,2.0
2895.0,2803.0,2867.0,3121.0,3023.0,0.990906,-0.054749,-0.122864,0.000305,-1.0,-1.0,0.0,1983.0,-880.0,7759.0,-11.0,9.0,-136.0,22.0,-5.0,-134.0,0.243459,-0.108576,0.963801,3962.0,-1756.0,15506.0,-1.0,-2.0,1.0
2894.0,2807.0,2874.0,3121.0,3024.0,0.990906,-0.054749,-0.122864,0.000305,-1.0,-1.0,0.0,1982.0,-876.0,7757.0,-12.0,13.0,-138.0,22.0,-2.0,-137.0,0.243459,-0.108576,0.963801,3912.0,-1728.0,15498.0,0.0,-1.0,1.0
2893.0,2805.0,2874.0,3123.0,3024.0,0.990906,-0.05481,-0.122925,0.000366,-1.0,-1.0,0.0,1983.0,-871.0,7764.0,-12.0,19.0,-131.0,20.0,4.0,-131.0,0.243574,-0.108712,0.96378,3954.0,-1708.0,15544.0,-3.0,-4.0,2.0
